SampleID,Total_n,OSL_n,SL_n,Lake,Project,Transect,Control,Lat,Log,Locus,Anguilla_anguilla,Astatotilapia_calliptera,Abramis_brama,Carassius_auratus,Carassius_carassius,Cyprinus_carpio,Leucaspius_delineatus,Phoxinus_phoxinus,Rutilus_rutilus,Scardinius_erythrophthalmus,Tinca_tinca,Esox_lucius,Cottus_gobio,Gasterosteus_aculeatus,Perca_fluviatilis,Oncorhynchus_mykiss,Salmo_salar,Salmo_trutta,Salvelinus_alpinus,Oncorhynchus,Salmo,Salvelinus,Cyprinidae,Percidae,Salmonidae,unassigned
BET01,20,10,10,Betley_Mere,Mere,OSL,,53.028465,-2.374489,Cytb,0,0,1392,0,0,6,0,0,0,0,0,0,0,0,0,0,0,0,0,0,0,0,47,0,0,9928
BET02,20,10,10,Betley_Mere,Mere,OSL,,53.028768,-2.37516,Cytb,0,0,1144,0,0,0,0,0,5,0,0,3161,10,0,21,0,0,0,0,0,0,0,0,0,0,8582
BET03,20,10,10,Betley_Mere,Mere,OSL,,53.028132,-2.374843,Cytb,0,0,762,0,0,0,0,0,17,0,0,4,20,0,3,0,0,0,0,0,0,0,0,0,0,12185
BET04,20,10,10,Betley_Mere,Mere,OSL,,53.028419,-2.375422,Cytb,0,0,1372,0,0,0,0,0,0,0,0,480,5,0,6,0,0,0,0,0,0,0,51,0,0,8997
BET05,20,10,10,Betley_Mere,Mere,OSL,,53.027651,-2.375466,Cytb,0,0,325,0,0,0,0,0,32,0,0,0,0,0,228,0,0,0,0,0,0,0,0,0,0,7303
BET06,20,10,10,Betley_Mere,Mere,OSL,,53.028119,-2.375814,Cytb,0,0,1682,0,0,92,0,0,0,0,0,0,5,3,0,0,0,0,0,0,0,0,3,0,0,18374
BET07,20,10,10,Betley_Mere,Mere,OSL,,53.0279,-2.37671,Cytb,0,0,2884,0,0,0,0,0,6,0,117,0,0,0,41,0,0,0,0,0,0,0,11,0,0,17819
BET08,20,10,10,Betley_Mere,Mere,OSL,,53.027361,-2.376581,Cytb,0,3,3252,0,0,0,0,0,0,0,0,0,7,0,3,0,0,0,0,0,0,0,3,0,0,15782
BET09,20,10,10,Betley_Mere,Mere,OSL,,53.027468,-2.377509,Cytb,0,26,2782,0,0,0,0,0,83,0,58,17,0,0,0,0,0,0,0,0,0,0,58,0,0,9997
BET10,20,10,10,Betley_Mere,Mere,OSL,,53.028178,-2.377541,Cytb,0,0,5788,0,0,0,0,0,7,0,0,0,17,0,5,0,0,0,0,0,0,0,17,0,0,14553
BET11,20,10,10,Betley_Mere,Mere,SL,,53.028369,-2.378035,Cytb,0,0,0,0,0,0,0,0,3,0,434,0,0,0,6,0,0,0,0,0,0,0,0,0,0,18733
BET12,20,10,10,Betley_Mere,Mere,SL,,53.02784,-2.378368,Cytb,0,0,2924,0,0,0,0,0,22,0,0,0,4,0,480,0,0,0,0,0,0,0,0,3,0,10621
BET13,20,10,10,Betley_Mere,Mere,SL,,53.027169,-2.378357,Cytb,0,0,4676,0,0,0,0,0,0,0,0,0,22,0,13,0,0,0,0,0,0,0,4,0,0,4486
BET14,20,10,10,Betley_Mere,Mere,SL,,53.026963,-2.375428,Cytb,0,0,1155,0,0,0,0,0,0,0,117,0,0,0,243,0,0,0,0,0,0,0,0,0,0,15003
BET15,20,10,10,Betley_Mere,Mere,SL,,53.027495,-2.374677,Cytb,0,0,856,0,0,249,0,0,0,0,0,0,3,0,24,0,0,0,0,0,0,0,0,0,0,27661
BET16,20,10,10,Betley_Mere,Mere,SL,,53.028453,-2.37391,Cytb,0,3,4263,0,195,0,0,0,0,0,0,0,3,0,2332,0,0,0,0,0,0,0,6,56,0,23764
BET17,20,10,10,Betley_Mere,Mere,SL,,53.029385,-2.374736,Cytb,0,0,1003,0,0,445,0,0,510,0,0,0,0,80,5,0,0,0,0,0,0,0,10,0,0,14138
BET18,20,10,10,Betley_Mere,Mere,SL,,53.028675,-2.375932,Cytb,0,0,800,0,0,335,0,0,0,0,44,0,0,0,0,0,0,0,0,0,0,0,0,0,0,9633
BET19,20,10,10,Betley_Mere,Mere,SL,,53.028252,-2.376447,Cytb,0,0,0,0,0,1436,0,0,0,0,0,0,0,0,23,0,0,0,0,0,0,0,0,0,0,9334
BET20,20,10,10,Betley_Mere,Mere,SL,,53.028507,-2.377203,Cytb,0,0,0,0,0,0,0,0,0,0,0,0,0,0,3,0,0,0,0,0,0,0,0,0,0,12875
BETB1,,,,Betley_Mere,Mere,Control,Blank1,,,Cytb,0,0,0,0,0,5,0,0,0,0,0,0,0,0,13,0,0,0,0,0,0,0,0,0,0,6
BETB2,,,,Betley_Mere,Mere,Control,Blank2,,,Cytb,0,0,0,0,0,0,0,0,3,0,0,0,4,0,12,0,0,0,0,0,0,0,0,0,0,935
BETNEG,,,,Betley_Mere,Mere,Control,Neg1,,,Cytb,8,0,0,0,0,0,0,0,0,0,0,0,0,0,16,0,0,0,0,0,0,0,0,0,0,975
BETPOS,,,,Betley_Mere,Mere,Control,POS1,,,Cytb,0,28254,0,0,0,0,0,0,0,0,0,0,0,0,0,0,0,0,0,0,0,0,0,0,0,141
LLB01,10,0,10,Llan_Bwch-llyn,Lake,SL,,52.108399,-3.284131,Cytb,0,0,0,0,0,0,0,0,12,0,0,15277,0,0,5650,0,0,0,0,0,0,0,0,3,0,433
LLB02,10,0,10,Llan_Bwch-llyn,Lake,SL,,52.10759,-3.283355,Cytb,0,0,14,0,0,0,0,0,202,0,0,4315,0,0,1937,0,0,0,0,0,0,0,0,0,0,108
LLB03,10,0,10,Llan_Bwch-llyn,Lake,SL,,52.107172,-3.283673,Cytb,0,0,237,0,0,0,0,0,16,0,0,3947,0,0,486,0,0,0,0,0,0,0,25,0,0,5413
LLB04,10,0,10,Llan_Bwch-llyn,Lake,SL,,52.107285,-3.285593,Cytb,0,24,0,0,0,0,0,0,16,0,0,382,0,0,859,0,0,0,0,0,0,0,0,19,0,3
LLB05,10,0,10,Llan_Bwch-llyn,Lake,SL,,52.107287,-3.287708,Cytb,0,0,0,0,0,0,0,0,47,0,0,2024,0,0,4151,0,0,0,0,0,0,0,0,78,0,12
LLB06,10,0,10,Llan_Bwch-llyn,Lake,SL,,52.107427,-3.289991,Cytb,0,0,0,0,0,0,0,0,108,0,0,5372,0,0,657,0,0,0,0,0,0,0,0,0,0,17
LLB07,10,0,10,Llan_Bwch-llyn,Lake,SL,,52.108279,-3.290916,Cytb,0,0,0,0,0,0,0,0,0,0,0,7829,0,0,1431,0,0,0,0,0,0,0,0,9,0,16
LLB08,10,0,10,Llan_Bwch-llyn,Lake,SL,,52.109413,-3.289418,Cytb,0,3,0,0,0,0,0,0,830,0,0,18886,0,0,703,0,0,0,0,0,0,0,0,6,0,70
LLB09,10,0,10,Llan_Bwch-llyn,Lake,SL,,52.109308,-3.288055,Cytb,0,0,0,0,0,0,0,0,0,0,0,7765,0,0,261,0,0,0,0,0,0,0,0,0,0,29
LLB10,10,0,10,Llan_Bwch-llyn,Lake,SL,,52.109275,-3.286231,Cytb,0,0,0,0,0,0,0,0,280,0,0,6660,0,0,1062,0,0,0,0,0,0,0,0,0,0,73
LLBB1,,,,Llan_Bwch-llyn,Lake,Control,Blank1,,,Cytb,0,0,3,0,0,0,0,0,0,0,0,0,9,0,3,0,0,0,0,0,0,0,0,0,0,224
LLBNEG,,,,Llan_Bwch-llyn,Lake,Control,Neg1,,,Cytb,0,0,0,0,0,0,0,0,0,0,0,0,0,0,0,0,0,0,0,0,0,0,0,0,0,244
LLBPOS,,,,Llan_Bwch-llyn,Lake,Control,POS1,,,Cytb,0,11189,0,0,0,0,0,0,0,0,0,0,4,0,3,0,0,0,0,0,0,0,0,0,0,43
CAM01,20,10,10,Chapel_Mere,Mere,SL,,53.061855,-2.685907,Cytb,0,0,0,0,0,0,0,0,0,0,1665,1082,4,12,6896,0,0,0,0,0,0,0,0,9,0,13815
CAM02,20,10,10,Chapel_Mere,Mere,SL,,53.061325,-2.686309,Cytb,0,0,3,0,0,0,0,0,0,0,0,0,0,0,3,0,0,0,0,0,0,0,0,0,0,2033
CAM03,20,10,10,Chapel_Mere,Mere,SL,,53.060957,-2.687162,Cytb,0,0,0,0,0,0,0,0,0,0,256,562,3,0,9687,0,0,0,0,0,0,0,0,195,0,8003
CAM04,20,10,10,Chapel_Mere,Mere,SL,,53.060677,-2.688498,Cytb,0,0,0,0,0,0,0,0,0,0,60,440,0,0,4904,0,0,0,0,0,0,0,0,30,0,5634
CAM05,20,10,10,Chapel_Mere,Mere,SL,,53.061152,-2.688995,Cytb,0,0,0,0,0,0,0,0,0,0,0,0,4,0,11417,0,0,0,0,0,0,0,0,20,0,10791
CAM06,20,10,10,Chapel_Mere,Mere,SL,,53.06199,-2.689226,Cytb,0,0,0,0,0,0,0,0,0,0,261,0,0,0,20497,0,0,0,0,0,0,0,0,409,0,15638
CAM07,20,10,10,Chapel_Mere,Mere,SL,,53.062735,-2.689454,Cytb,0,17,0,0,0,0,0,0,0,0,0,0,0,0,0,0,0,0,0,0,0,0,0,0,0,754
CAM08,20,10,10,Chapel_Mere,Mere,SL,,53.063289,-2.688692,Cytb,0,10,30,0,0,0,0,0,0,0,297,0,0,35,6939,0,0,0,0,0,0,0,0,41,0,10751
CAM09,20,10,10,Chapel_Mere,Mere,SL,,53.063083,-2.687464,Cytb,0,0,0,0,0,0,0,0,0,0,0,0,7,0,0,0,0,0,0,0,0,0,0,0,0,26466
CAM10,20,10,10,Chapel_Mere,Mere,SL,,53.062674,-2.686375,Cytb,0,0,0,0,0,0,0,0,0,0,130,0,7,3,3361,0,0,0,0,0,0,0,0,0,0,8145
CAM11,20,10,10,Chapel_Mere,Mere,OSL,,53.061605,-2.686856,Cytb,0,0,0,0,0,0,0,0,0,0,11,0,0,0,3348,0,0,0,0,0,0,0,0,25,0,4436
CAM12,20,10,10,Chapel_Mere,Mere,OSL,,53.061183,-2.687537,Cytb,0,0,0,0,0,0,0,0,0,0,156,389,0,0,3394,0,0,0,0,0,0,0,0,87,0,7868
CAM13,20,10,10,Chapel_Mere,Mere,OSL,,53.060961,-2.688524,Cytb,0,0,3,0,0,0,0,0,0,0,0,99,0,0,4417,0,0,0,0,0,0,0,0,65,0,8762
CAM14,20,10,10,Chapel_Mere,Mere,OSL,,53.061477,-2.688572,Cytb,0,0,0,0,0,0,0,0,0,0,21,0,0,0,4316,0,0,0,0,0,0,0,0,15,0,4820
CAM15,20,10,10,Chapel_Mere,Mere,OSL,,53.061716,-2.687574,Cytb,0,0,0,0,0,0,0,0,0,0,101,0,0,0,3779,0,0,0,0,0,0,0,0,3,0,8596
CAM16,20,10,10,Chapel_Mere,Mere,OSL,,53.062009,-2.68869,Cytb,0,0,3,0,0,7,0,0,5,0,86,618,0,0,3261,0,0,0,0,0,0,0,0,26,0,10503
CAM17,20,10,10,Chapel_Mere,Mere,OSL,,53.062335,-2.687617,Cytb,3,0,0,0,0,151,0,0,0,0,170,596,0,0,3445,0,0,0,0,0,0,0,5,0,0,7069
CAM18,20,10,10,Chapel_Mere,Mere,OSL,,53.062586,-2.688652,Cytb,0,0,0,0,0,0,0,0,0,0,90,647,0,0,3145,0,0,0,0,0,0,0,0,29,0,6448
CAM19,20,10,10,Chapel_Mere,Mere,OSL,,53.062924,-2.687912,Cytb,0,0,9,0,0,0,0,0,0,0,0,0,0,0,1288,0,0,0,0,0,0,0,0,0,0,1806
CAM20,20,10,10,Chapel_Mere,Mere,OSL,,53.06219,-2.686724,Cytb,0,0,0,0,0,0,0,0,0,0,0,63,3,8,1370,0,0,0,0,0,0,0,0,13,0,2954
CAMB1,,,,Chapel_Mere,Mere,Control,Blank1,,,Cytb,0,0,0,0,0,0,0,0,0,0,0,4,0,0,0,0,0,0,0,0,0,0,0,0,0,140
CAMB2,,,,Chapel_Mere,Mere,Control,Blank2,,,Cytb,0,16,0,0,0,0,0,0,0,0,0,0,0,0,0,0,0,0,0,0,0,0,0,0,0,352
CAMNEG,,,,Chapel_Mere,Mere,Control,Neg1,,,Cytb,0,3,0,0,0,0,0,0,0,0,0,0,0,0,0,0,0,0,0,0,0,0,0,0,0,1993
CAMPOS,,,,Chapel_Mere,Mere,Control,POS1,,,Cytb,0,22375,0,0,0,0,0,0,0,0,0,0,0,0,0,0,0,0,0,0,0,0,0,0,0,134
CWE01,20,10,10,Llyn_Cwellyn,Lake,OSL,,53.076838,-4.1603223,Cytb,0,0,0,0,0,0,0,0,0,0,0,0,0,0,3,0,0,207,1249,0,67,427,0,0,0,13275
CWE02,20,10,10,Llyn_Cwellyn,Lake,OSL,,53.075897,-4.1591703,Cytb,0,0,0,0,0,0,0,0,0,0,0,0,0,0,0,0,0,0,0,0,0,0,0,0,0,11722
CWE03,20,10,10,Llyn_Cwellyn,Lake,OSL,,53.075007,-4.1571701,Cytb,0,0,0,0,0,0,0,1125,0,0,0,0,0,0,0,0,0,0,1598,0,0,717,0,0,0,9075
CWE04,20,10,10,Llyn_Cwellyn,Lake,OSL,,53.074561,-4.1554757,Cytb,343,0,0,0,0,0,0,110,0,0,0,0,0,0,0,0,0,394,1322,0,166,521,0,0,3,7856
CWE05,20,10,10,Llyn_Cwellyn,Lake,OSL,,53.073792,-4.1532726,Cytb,0,0,0,0,0,0,0,102,0,0,0,0,0,0,0,0,0,179,469,0,46,101,0,0,0,7784
CWE06,20,10,10,Llyn_Cwellyn,Lake,OSL,,53.072361,-4.1508426,Cytb,0,4,0,0,0,0,0,3,0,0,0,0,0,0,4,0,0,138,253,0,5,62,0,0,0,8453
CWE07,20,10,10,Llyn_Cwellyn,Lake,OSL,,53.070918,-4.1481433,Cytb,0,0,0,0,0,0,0,612,0,0,0,0,0,0,0,0,0,423,1693,0,254,578,0,0,0,8368
CWE08,20,10,10,Llyn_Cwellyn,Lake,OSL,,53.069706,-4.1460081,Cytb,0,26,0,0,0,0,0,183,0,0,0,0,0,0,0,0,0,278,1362,0,213,690,0,0,8,8995
CWE09,20,10,10,Llyn_Cwellyn,Lake,OSL,,53.068943,-4.1444625,Cytb,0,0,0,0,0,0,0,0,0,0,0,0,0,0,4,0,0,0,0,0,0,0,0,0,0,0
CWE10,20,10,10,Llyn_Cwellyn,Lake,OSL,,53.067947,-4.1428755,Cytb,3,0,0,0,0,0,0,330,0,0,0,10,0,0,9,0,0,808,1246,0,319,307,0,0,0,11337
CWE11,20,10,10,Llyn_Cwellyn,Lake,SL,,53.067582,-4.1476488,Cytb,0,0,0,0,0,0,0,666,0,0,0,0,0,0,0,0,0,666,2330,0,209,653,0,0,3,12121
CWE12,20,10,10,Llyn_Cwellyn,Lake,SL,,53.070318,-4.1524872,Cytb,0,0,0,0,0,0,0,375,0,0,0,0,0,0,3,0,0,483,1506,0,221,491,0,0,0,12270
CWE13,20,10,10,Llyn_Cwellyn,Lake,SL,,53.07259,-4.1565566,Cytb,0,0,0,0,0,0,0,96,0,0,0,0,0,0,0,0,0,115,984,0,11,160,0,0,0,5386
CWE14,20,10,10,Llyn_Cwellyn,Lake,SL,,53.074471,-4.1604277,Cytb,0,0,0,0,0,0,0,0,0,0,0,0,0,0,0,0,0,0,0,0,0,0,0,0,0,0
CWE15,20,10,10,Llyn_Cwellyn,Lake,SL,,53.076118,-4.1613611,Cytb,0,0,0,0,0,0,0,0,0,0,0,0,0,0,0,0,0,0,0,0,0,0,0,0,0,26525
CWE16,20,10,10,Llyn_Cwellyn,Lake,SL,,53.078172,-4.1602725,Cytb,0,0,0,0,0,0,0,259,0,0,0,0,0,0,11,0,0,1659,426,0,316,80,0,0,0,12866
CWE17,20,10,10,Llyn_Cwellyn,Lake,SL,,53.076651,-4.1550422,Cytb,0,0,0,0,0,0,0,661,5,0,0,0,0,0,3,0,0,1831,948,0,1434,399,0,0,3,7548
CWE18,20,10,10,Llyn_Cwellyn,Lake,SL,,53.073003,-4.1450965,Cytb,0,0,0,0,0,0,0,1761,0,0,0,0,0,0,10,0,0,312,1568,0,86,616,0,0,0,7765
CWE19,20,10,10,Llyn_Cwellyn,Lake,SL,,53.071855,-4.1430822,Cytb,0,15,0,0,0,0,0,0,0,0,0,0,0,0,0,0,0,0,0,0,0,0,0,0,0,244
CWE20,20,10,10,Llyn_Cwellyn,Lake,SL,,53.066337,-4.1434282,Cytb,0,0,0,0,0,0,0,497,0,0,0,0,0,0,3,0,0,1261,250,0,464,149,0,0,4,4178
CWEB1,,,,Llyn_Cwellyn,Lake,Control,Blank1,,,Cytb,0,0,0,0,0,0,0,0,0,0,0,0,0,0,0,0,0,0,0,0,0,0,0,0,0,0
CWEB2,,,,Llyn_Cwellyn,Lake,Control,Blank2,,,Cytb,0,0,0,0,0,0,0,0,0,0,0,0,0,0,0,0,0,0,0,0,0,0,0,0,0,0
CWENEG,,,,Llyn_Cwellyn,Lake,Control,Neg1,,,Cytb,0,0,0,0,0,0,0,0,0,0,0,0,0,0,0,0,0,0,0,0,0,0,0,0,0,82
CWEPOS,,,,Llyn_Cwellyn,Lake,Control,POS1,,,Cytb,0,35254,0,0,0,0,0,0,0,0,0,0,0,0,0,0,0,0,0,0,0,0,0,0,0,180
FEN01,20,10,10,Fenemere,Mere,OSL,,52.801032,-2.821605,Cytb,514,0,453,0,0,360,0,0,604,0,0,37,0,0,457,0,0,0,0,0,0,0,0,0,0,4247
FEN02,20,10,10,Fenemere,Mere,OSL,,52.800636,-2.82168,Cytb,0,0,1727,0,0,0,0,0,519,0,0,864,0,0,1028,0,0,0,0,0,0,0,90,22,0,3647
FEN03,20,10,10,Fenemere,Mere,OSL,,52.800461,-2.822731,Cytb,59,0,561,0,0,652,0,0,172,0,0,119,0,0,559,0,0,0,0,0,0,0,0,0,0,2208
FEN04,20,10,10,Fenemere,Mere,OSL,,52.801162,-2.822549,Cytb,0,0,0,0,0,980,0,0,257,0,0,360,0,0,789,0,0,0,0,0,0,0,0,6,0,2519
FEN05,20,10,10,Fenemere,Mere,OSL,,52.801194,-2.823472,Cytb,0,0,0,0,0,1527,0,0,68,0,0,1329,0,0,947,0,0,0,0,0,0,0,0,0,0,2650
FEN06,20,10,10,Fenemere,Mere,OSL,,52.800451,-2.823552,Cytb,0,0,0,0,0,813,0,0,110,0,0,0,0,0,59,0,0,0,0,0,0,0,0,0,0,1874
FEN07,20,10,10,Fenemere,Mere,OSL,,52.800247,-2.824598,Cytb,493,0,229,0,0,228,0,0,139,0,0,600,0,0,1575,0,0,0,0,0,0,0,0,0,0,6967
FEN08,20,10,10,Fenemere,Mere,OSL,,52.800788,-2.824882,Cytb,0,6,0,0,0,727,0,0,172,0,0,394,0,0,494,0,0,0,0,0,0,0,0,13,0,9931
FEN09,20,10,10,Fenemere,Mere,OSL,,52.801268,-2.82485,Cytb,0,0,1792,0,0,2653,0,0,171,473,0,4,0,0,15,0,0,0,0,0,0,0,0,0,0,13907
FEN10,20,10,10,Fenemere,Mere,OSL,,52.801696,-2.824126,Cytb,0,0,440,0,0,684,0,0,18,0,0,173,0,0,57,0,0,0,0,0,0,0,0,0,0,3375
FEN11,20,10,10,Fenemere,Mere,SL,,52.800174,-2.825935,Cytb,0,0,0,0,0,0,0,0,562,0,0,998,0,0,1543,0,0,0,0,0,0,0,0,56,0,2714
FEN12,20,10,10,Fenemere,Mere,SL,,52.801082,-2.825978,Cytb,110,9,0,0,0,52,0,0,384,0,0,205,0,0,1582,0,0,0,0,0,0,0,0,0,0,2070
FEN13,20,10,10,Fenemere,Mere,SL,,52.801882,-2.824925,Cytb,0,0,912,0,0,0,0,0,320,0,0,0,0,0,3752,0,0,0,0,0,0,0,0,0,0,2129
FEN14,20,10,10,Fenemere,Mere,SL,,52.802173,-2.823679,Cytb,0,0,31,0,0,0,0,0,2103,24,0,1062,0,0,4582,0,0,0,0,0,0,0,0,4,0,3126
FEN15,20,10,10,Fenemere,Mere,SL,,52.801524,-2.822096,Cytb,0,0,0,0,0,463,0,0,695,0,0,1377,0,5,319,0,0,0,0,0,0,0,0,7,0,3660
FEN16,20,10,10,Fenemere,Mere,SL,,52.801355,-2.821035,Cytb,0,0,233,0,0,0,0,0,831,0,0,0,0,0,816,0,0,0,0,0,0,0,0,16,0,5393
FEN17,20,10,10,Fenemere,Mere,SL,,52.800492,-2.820356,Cytb,0,0,1954,0,0,0,0,0,266,0,0,4966,0,0,3891,0,0,0,0,0,0,0,0,36,0,3449
FEN18,20,10,10,Fenemere,Mere,SL,,52.799985,-2.822124,Cytb,0,0,0,0,0,0,0,0,430,0,0,0,0,0,7102,0,0,0,0,0,0,0,0,174,0,866
FEN19,20,10,10,Fenemere,Mere,SL,,52.799852,-2.823597,Cytb,0,0,0,0,0,0,0,0,0,0,0,0,0,0,4,0,0,0,0,0,0,0,0,0,0,17
FEN20,20,10,10,Fenemere,Mere,SL,,52.799779,-2.824965,Cytb,0,0,369,0,0,121,0,0,463,0,0,329,0,0,1450,0,0,0,0,0,0,0,11,66,0,2500
FENB1,,,,Fenemere,Mere,Control,Blank1,,,Cytb,0,0,0,0,0,0,0,0,0,0,0,0,0,0,0,0,0,0,0,0,0,0,0,0,0,0
FENB2,,,,Fenemere,Mere,Control,Blank2,,,Cytb,0,0,0,0,0,0,0,0,0,0,0,0,0,0,0,0,0,0,0,0,0,0,0,0,0,0
FENNEG,,,,Fenemere,Mere,Control,Neg1,,,Cytb,0,0,0,0,0,0,0,0,0,0,0,0,0,0,0,0,0,0,0,0,0,0,0,0,0,8
FENPOS,,,,Fenemere,Mere,Control,POS1,,,Cytb,0,12229,0,0,0,0,0,0,0,0,0,0,0,0,4,0,0,0,0,0,0,0,0,0,0,61
KEN01,12,0,12,Kenfig_Pool,Lake,SL,,51.516411,-3.736072,Cytb,542,0,0,0,0,0,0,0,0,1822,196,2010,0,0,2380,0,0,0,0,0,0,0,0,0,0,186
KEN02,12,0,12,Kenfig_Pool,Lake,SL,,51.517533,-3.738564,Cytb,0,0,0,0,0,0,0,0,0,1961,89,4169,0,0,0,0,0,0,0,0,0,0,0,0,0,383
KEN03,12,0,12,Kenfig_Pool,Lake,SL,,51.520041,-3.739229,Cytb,0,0,0,0,0,0,0,0,0,1063,414,3206,0,0,501,0,0,0,0,0,0,0,0,13,0,67
KEN04,12,0,12,Kenfig_Pool,Lake,SL,,51.521213,-3.738046,Cytb,0,0,0,0,0,0,0,0,0,195,62,1163,10,0,277,0,0,0,0,0,0,0,0,0,0,7
KEN05,12,0,12,Kenfig_Pool,Lake,SL,,51.521726,-3.735851,Cytb,0,6,0,0,0,0,0,0,0,506,1675,735,0,0,1552,0,0,0,0,0,0,0,0,37,0,218
KEN06,12,0,12,Kenfig_Pool,Lake,SL,,51.523033,-3.732405,Cytb,286,0,0,0,0,0,0,0,0,397,349,2130,3,0,1335,0,0,0,0,0,0,0,0,0,0,63
KEN07,12,0,12,Kenfig_Pool,Lake,SL,,51.521292,-3.731678,Cytb,0,3,0,0,0,0,0,0,0,2050,219,993,30,0,2463,0,0,0,0,0,0,0,0,6,0,223
KEN08,12,0,12,Kenfig_Pool,Lake,SL,,51.519665,-3.731903,Cytb,0,0,0,0,0,0,0,0,0,5402,184,0,8,0,5779,0,0,0,0,0,0,0,0,183,0,841
KEN09,12,0,12,Kenfig_Pool,Lake,SL,,51.518709,-3.733346,Cytb,0,0,0,0,0,0,0,0,39,4231,378,771,0,0,4059,0,0,0,0,0,0,0,0,120,0,562
KEN10,12,0,12,Kenfig_Pool,Lake,SL,,51.517062,-3.734323,Cytb,0,0,3,0,0,0,0,0,9,1569,398,960,0,0,1452,0,0,0,0,0,0,0,0,0,0,338
KEN55,12,0,12,Kenfig_Pool,Lake,SL,,51.522192,-3.734473,Cytb,0,0,0,0,0,0,0,0,0,5483,47,695,0,0,211,0,0,0,0,0,0,0,0,5,0,537
KEN95,12,0,12,Kenfig_Pool,Lake,SL,,51.517773,-3.733781,Cytb,0,0,0,0,0,0,0,0,9,686,120,18,0,0,1764,0,0,0,0,0,0,0,0,0,0,359
KENB1,,,,Kenfig_Pool,Lake,Control,Blank1,,,Cytb,0,0,0,0,0,0,0,0,0,0,0,0,0,0,0,0,0,0,0,0,0,0,0,0,0,508
KENNEG1,,,,Kenfig_Pool,Lake,Control,Neg1,,,Cytb,0,0,3,0,0,0,0,0,0,0,0,0,0,0,9,0,0,0,0,0,0,0,0,0,0,4625
KENNEG2,,,,Kenfig_Pool,Lake,Control,Neg2,,,Cytb,0,3,0,0,0,0,0,0,0,0,0,0,0,0,0,0,0,0,0,0,0,0,0,0,0,76
KENPOS,,,,Kenfig_Pool,Lake,Control,POS1,,,Cytb,0,23925,0,0,0,0,0,0,0,0,0,0,0,0,0,0,0,0,0,0,0,0,0,0,0,153
LLG01,20,10,10,Llangorse_Lake,Lake,SL,,51.922906,-3.253761,Cytb,463,0,9222,0,0,0,0,0,130,16,513,761,142,0,7666,0,0,0,0,0,0,0,14,9,0,730
LLG02,20,10,10,Llangorse_Lake,Lake,OSL,,51.923973,-3.254151,Cytb,0,0,6469,0,0,0,0,0,15,0,14,647,0,0,5766,0,0,0,0,0,0,0,20,15,0,705
LLG03,20,10,10,Llangorse_Lake,Lake,SL,,51.925705,-3.251379,Cytb,0,0,4490,0,0,0,0,0,55,0,0,673,0,0,3739,0,0,0,0,0,0,0,4,86,0,72
LLG04,20,10,10,Llangorse_Lake,Lake,OSL,,51.925749,-3.253627,Cytb,0,0,18166,0,0,0,0,0,103,3,93,1737,0,0,7160,0,0,0,0,0,0,0,145,4,0,86
LLG05,20,10,10,Llangorse_Lake,Lake,SL,,51.925636,-3.255397,Cytb,0,0,16124,0,0,0,0,0,103,0,5,554,0,0,3271,0,0,0,0,0,0,0,453,36,0,188
LLG06,20,10,10,Llangorse_Lake,Lake,OSL,,51.92801,-3.254035,Cytb,0,0,8807,0,0,0,0,0,18,0,0,0,0,0,6420,0,0,0,0,0,0,0,330,38,0,446
LLG07,20,10,10,Llangorse_Lake,Lake,SL,,51.930987,-3.253305,Cytb,0,0,5026,0,0,0,0,0,250,0,0,957,0,0,1908,0,0,0,0,0,0,0,18,0,0,180
LLG08,20,10,10,Llangorse_Lake,Lake,OSL,,51.930087,-3.256438,Cytb,0,5,1784,0,0,0,0,0,0,0,0,0,0,0,2902,0,0,0,0,0,0,0,0,83,0,889
LLG09,20,10,10,Llangorse_Lake,Lake,SL,,51.934387,-3.260611,Cytb,0,0,0,0,0,0,0,0,6427,0,0,0,0,0,28602,0,0,0,0,0,0,0,0,510,0,754
LLG10,20,10,10,Llangorse_Lake,Lake,OSL,,51.932608,-3.261201,Cytb,0,0,0,0,0,0,0,0,0,0,0,0,0,0,4,0,0,0,0,0,0,0,0,0,0,287
LLG11,20,10,10,Llangorse_Lake,Lake,OSL,,51.930121,-3.261845,Cytb,0,0,2358,0,0,0,0,0,678,0,0,1081,0,0,5382,0,0,0,0,0,0,0,33,8,0,528
LLG12,20,10,10,Llangorse_Lake,Lake,SL,,51.928361,-3.262242,Cytb,92,0,45,0,0,0,0,0,726,13,43,4849,0,0,17199,0,0,0,0,0,0,0,0,107,0,286
LLG13,20,10,10,Llangorse_Lake,Lake,SL,,51.928156,-3.266819,Cytb,0,0,708,0,0,0,0,0,655,87,92,1976,0,0,9314,0,0,0,0,0,0,0,11,82,0,529
LLG14,20,10,10,Llangorse_Lake,Lake,OSL,,51.929817,-3.266347,Cytb,0,22,0,0,0,0,0,0,0,0,0,0,0,0,0,0,0,0,0,0,0,0,0,0,0,0
LLG15,20,10,10,Llangorse_Lake,Lake,OSL,,51.932297,-3.266037,Cytb,277,0,10563,0,0,0,0,0,552,0,0,6115,0,0,9049,0,0,0,0,0,0,0,11,351,0,341
LLG16,20,10,10,Llangorse_Lake,Lake,SL,,51.933786,-3.267664,Cytb,0,7,1661,0,0,0,0,0,271,0,173,5776,0,0,10774,0,0,0,0,0,0,0,0,91,0,534
LLG17,20,10,10,Llangorse_Lake,Lake,OSL,,51.933043,-3.269663,Cytb,0,0,526,0,0,0,0,0,633,0,1007,7018,0,0,8989,0,0,0,0,0,0,0,0,162,0,1305
LLG18,20,10,10,Llangorse_Lake,Lake,OSL,,51.930251,-3.270661,Cytb,286,0,252,0,0,0,0,0,1024,7,10,3135,0,0,3059,0,0,0,0,0,0,0,0,43,0,195
LLG19,20,10,10,Llangorse_Lake,Lake,SL,,51.929315,-3.274239,Cytb,240,0,1242,0,0,0,0,0,261,26,39,3452,0,0,1756,0,0,0,0,0,0,0,12,0,0,95
LLG20,20,10,10,Llangorse_Lake,Lake,SL,,51.933156,-3.272964,Cytb,0,0,0,0,0,0,0,0,235,255,74,1911,0,0,3373,0,0,0,0,0,0,0,0,10,0,51
LLGB1,,,,Llangorse_Lake,Lake,Control,Blank1,,,Cytb,0,0,0,0,0,0,0,0,0,0,0,0,0,0,0,0,0,0,0,0,0,0,0,0,0,0
LLGNEG1,,,,Llangorse_Lake,Lake,Control,NEG1,,,Cytb,0,0,0,0,0,0,0,0,0,0,0,0,0,0,0,0,0,0,0,0,0,0,0,0,0,0
LLGNEG2,,,,Llangorse_Lake,Lake,Control,Neg2,,,Cytb,0,0,0,0,0,0,0,0,0,0,0,0,0,0,0,0,0,0,0,0,0,0,0,0,0,506
LLGPOS,,,,Llangorse_Lake,Lake,Control,POS1,,,Cytb,0,23780,0,0,0,0,0,0,0,0,0,0,0,0,0,0,0,0,0,0,0,0,0,0,0,117
MAP01,20,10,10,Maer_Pool,Mere,OSL,,52.943634,-2.315638,Cytb,0,0,0,0,0,0,0,0,0,0,133,3,0,0,7655,0,0,0,0,0,0,0,0,80,0,3670
MAP02,20,10,10,Maer_Pool,Mere,OSL,,52.943314,-2.316233,Cytb,0,0,0,0,0,645,0,0,0,0,1031,2332,0,0,7561,0,0,0,0,0,0,0,0,142,0,179
MAP03,20,10,10,Maer_Pool,Mere,OSL,,52.94301,-2.315616,Cytb,0,0,0,0,0,1286,0,0,0,0,380,202,0,0,1281,0,0,0,0,0,0,0,0,16,0,653
MAP04,20,10,10,Maer_Pool,Mere,OSL,,52.943479,-2.315059,Cytb,0,0,0,0,0,0,0,0,0,0,227,1710,0,0,2184,0,0,0,0,0,0,0,0,64,0,523
MAP05,20,10,10,Maer_Pool,Mere,OSL,,52.943172,-2.314394,Cytb,0,0,0,0,0,0,0,0,0,0,132,4090,0,0,4208,0,0,0,0,0,0,0,0,4,0,1350
MAP06,20,10,10,Maer_Pool,Mere,OSL,,52.942726,-2.315139,Cytb,0,0,0,0,0,1690,0,0,0,0,1961,854,0,0,2409,0,0,0,0,0,0,0,0,0,0,1624
MAP07,20,10,10,Maer_Pool,Mere,OSL,,52.942387,-2.314629,Cytb,0,0,0,0,0,3588,0,0,0,0,162,963,0,0,2704,0,0,0,0,0,0,0,0,18,0,543
MAP08,20,10,10,Maer_Pool,Mere,OSL,,52.942913,-2.313879,Cytb,0,0,0,0,0,1790,0,0,0,0,218,3155,0,0,2537,0,0,0,0,0,0,0,0,3,0,732
MAP09,20,10,10,Maer_Pool,Mere,OSL,,52.942551,-2.313418,Cytb,0,0,3,0,0,2779,0,0,0,0,0,11335,0,0,605,0,0,0,0,0,0,0,0,11,0,428
MAP10,20,10,10,Maer_Pool,Mere,OSL,,52.942111,-2.314115,Cytb,0,0,7,0,0,2361,0,0,0,0,3418,0,0,0,3162,0,0,0,0,0,0,0,0,35,0,794
MAP11,20,10,10,Maer_Pool,Mere,SL,,52.942201,-2.3128,Cytb,0,0,67,0,0,0,0,0,0,0,2227,0,0,0,4929,0,0,0,0,0,0,0,0,50,0,3834
MAP12,20,10,10,Maer_Pool,Mere,SL,,52.942744,-2.313004,Cytb,0,0,10,0,0,0,0,0,0,0,1863,9737,0,0,0,0,0,0,0,0,0,0,0,0,0,2420
MAP13,20,10,10,Maer_Pool,Mere,SL,,52.943318,-2.313296,Cytb,0,0,26,0,0,0,0,0,0,0,1477,0,0,0,10387,0,0,0,0,0,0,0,0,129,0,1608
MAP14,20,10,10,Maer_Pool,Mere,SL,,52.94377,-2.3146,Cytb,0,0,11,0,0,0,0,0,0,0,279,2140,0,0,5381,0,0,0,0,0,0,0,0,24,0,2647
MAP15,20,10,10,Maer_Pool,Mere,SL,,52.943948,-2.316054,Cytb,0,0,45,0,0,408,0,0,0,0,138,3774,0,0,5069,0,0,0,0,0,0,0,0,74,0,436
MAP16,20,10,10,Maer_Pool,Mere,SL,,52.943483,-2.316767,Cytb,0,16,0,0,0,4413,0,0,0,0,230,0,0,0,412,0,0,0,0,0,0,0,0,3,0,5338
MAP17,20,10,10,Maer_Pool,Mere,SL,,52.942924,-2.316708,Cytb,0,0,4,0,0,4268,0,0,0,0,188,1421,0,0,3068,0,0,0,0,0,0,0,0,32,0,1450
MAP18,20,10,10,Maer_Pool,Mere,SL,,52.942462,-2.315925,Cytb,0,0,12,0,0,3760,0,0,0,0,827,0,0,0,4544,0,0,0,0,0,0,0,0,68,0,1838
MAP19,20,10,10,Maer_Pool,Mere,SL,,52.941929,-2.314992,Cytb,0,0,0,0,0,0,0,0,0,0,0,7569,0,0,468,0,0,0,0,0,0,0,0,6,0,1469
MAP20,20,10,10,Maer_Pool,Mere,SL,,52.941838,-2.313476,Cytb,0,0,17,0,0,0,0,0,0,0,387,2497,0,0,334,0,0,0,0,0,0,0,0,0,0,999
MAPB1,,,,Maer_Pool,Mere,Control,Blank1,,,Cytb,0,0,0,0,0,0,0,0,0,0,0,0,0,0,0,0,0,0,0,0,0,0,0,0,0,1138
MAPB2,,,,Maer_Pool,Mere,Control,Blank2,,,Cytb,0,0,0,0,0,0,0,0,0,0,0,0,0,0,0,0,0,0,0,0,0,0,0,0,0,1693
MAPNEG,,,,Maer_Pool,Mere,Control,Neg1,,,Cytb,0,3,0,0,0,0,0,0,0,0,0,0,3,0,0,0,0,0,0,0,0,0,0,0,0,5383
MAPPOS,,,,Maer_Pool,Mere,Control,POS1,,,Cytb,0,25534,0,0,0,0,0,0,0,0,0,0,0,0,0,0,0,0,0,0,0,0,0,0,0,857
OSS01,20,10,10,Oss_Mere,Mere,SL,,52.988589,-2.649077,Cytb,0,0,1013,0,0,0,0,0,1401,33,0,2476,0,0,8615,0,0,0,0,0,0,0,191,202,0,179
OSS02,20,10,10,Oss_Mere,Mere,SL,,52.989203,-2.648889,Cytb,0,13,2100,0,0,0,0,0,869,0,72,420,0,0,5561,0,0,0,0,0,0,0,5,3,0,575
OSS03,20,10,10,Oss_Mere,Mere,SL,,52.989887,-2.648734,Cytb,0,0,588,0,0,4,0,0,30,40,164,326,0,0,1655,0,0,0,0,0,0,0,42,0,0,432
OSS04,20,10,10,Oss_Mere,Mere,SL,,52.990445,-2.648214,Cytb,0,0,0,0,0,6,0,0,543,12,345,1847,0,0,7575,0,0,0,0,0,0,0,0,95,0,740
OSS05,20,10,10,Oss_Mere,Mere,SL,,52.990959,-2.64742,Cytb,0,0,2667,0,0,1373,0,0,114,202,151,692,0,0,1616,0,0,0,0,0,0,0,8,0,0,237
OSS06,20,10,10,Oss_Mere,Mere,SL,,52.991618,-2.647926,Cytb,0,0,803,0,0,1099,0,0,247,165,0,1071,0,0,4245,0,0,0,0,0,0,0,0,29,0,286
OSS07,20,10,10,Oss_Mere,Mere,SL,,52.991163,-2.646537,Cytb,0,0,3302,0,0,0,0,0,80,147,0,1883,0,0,7376,0,0,0,0,0,0,0,152,233,0,1133
OSS08,20,10,10,Oss_Mere,Mere,SL,,52.991576,-2.645974,Cytb,0,0,1420,0,0,1021,0,0,1003,0,186,715,0,0,4183,0,0,0,0,0,0,0,0,147,0,568
OSS09,20,10,10,Oss_Mere,Mere,SL,,52.991939,-2.646559,Cytb,0,0,476,0,0,659,0,0,959,623,0,1175,0,0,9350,0,0,0,0,0,0,0,0,182,0,851
OSS10,20,10,10,Oss_Mere,Mere,SL,,52.99221,-2.647449,Cytb,0,0,1018,0,0,0,0,0,1041,2073,0,506,0,0,9280,0,0,0,0,0,0,0,0,125,0,344
OSS11,20,10,10,Oss_Mere,Mere,OSL,,52.989058,-2.649903,Cytb,0,0,2720,0,0,24,0,0,2527,64,7,2256,0,0,10729,0,0,0,0,0,0,0,10,0,0,223
OSS12,20,10,10,Oss_Mere,Mere,OSL,,52.989642,-2.64971,Cytb,0,0,387,0,0,139,0,0,950,193,4,178,0,0,8216,0,0,0,0,0,0,0,0,71,0,73
OSS13,20,10,10,Oss_Mere,Mere,OSL,,52.990352,-2.649378,Cytb,0,0,1074,0,0,966,0,0,572,12,24,772,0,0,7421,0,0,0,0,0,0,0,0,83,0,229
OSS14,20,10,10,Oss_Mere,Mere,OSL,,52.991266,-2.648912,Cytb,0,0,1711,0,0,893,0,0,247,113,0,2620,0,0,8413,0,0,0,0,0,0,0,122,90,0,228
OSS15,20,10,10,Oss_Mere,Mere,OSL,,52.991903,-2.648838,Cytb,0,0,9572,0,0,0,0,0,0,0,0,0,0,0,9574,0,0,0,0,0,0,0,6,105,0,1746
OSS16,20,10,10,Oss_Mere,Mere,OSL,,52.992803,-2.647683,Cytb,0,0,1037,0,0,27,0,0,2936,1614,63,1089,0,0,12441,0,0,0,0,0,0,0,0,3,0,425
OSS17,20,10,10,Oss_Mere,Mere,OSL,,52.99218,-2.645692,Cytb,0,0,24201,0,0,3427,0,0,292,56,33,1621,0,0,12805,0,0,0,0,0,0,0,280,106,0,194
OSS18,20,10,10,Oss_Mere,Mere,OSL,,52.991113,-2.645367,Cytb,0,0,6485,0,0,872,0,0,520,622,58,622,0,0,13313,0,0,0,0,0,0,0,36,160,0,716
OSS19,20,10,10,Oss_Mere,Mere,OSL,,52.990246,-2.64685,Cytb,0,4,1128,0,0,576,0,0,127,126,1242,402,0,0,5525,0,0,0,0,0,0,0,3,15,0,106
OSS20,20,10,10,Oss_Mere,Mere,OSL,,52.988991,-2.648221,Cytb,0,0,614,0,0,92,0,0,597,0,194,82,0,0,4304,0,0,0,0,0,0,0,126,50,0,398
OSSB1,,,,Oss_Mere,Mere,Control,Blank1,,,Cytb,0,0,0,0,0,0,0,0,0,0,0,0,0,0,0,0,0,0,0,0,0,0,0,0,0,0
OSSB2,,,,Oss_Mere,Mere,Control,Blank2,,,Cytb,0,0,0,0,0,0,0,0,0,0,0,0,0,0,0,0,0,0,0,0,0,0,0,0,0,12
OSSNEG,,,,Oss_Mere,Mere,Control,Neg1,,,Cytb,0,0,0,0,0,0,0,0,0,0,0,0,0,0,0,0,0,0,0,0,0,0,0,0,0,11
OSSPOS,,,,Oss_Mere,Mere,Control,POS1,,,Cytb,0,16603,0,0,0,0,0,0,0,0,0,0,0,0,0,0,0,0,0,0,0,0,0,0,0,101
OGW01,20,0,20,Llyn_Ogwen,Lake,SL,,53.126753,-3.9972736,Cytb,0,0,0,0,0,0,0,1082,0,0,0,0,0,0,0,0,0,3631,0,0,2355,0,0,0,0,572
OGW02,20,0,20,Llyn_Ogwen,Lake,SL,,53.126636,-3.9988824,Cytb,0,0,16,0,0,0,0,3235,0,0,0,0,0,0,25,0,0,2192,0,0,780,0,0,0,0,1485
OGW03,20,0,20,Llyn_Ogwen,Lake,SL,,53.12635,-4.0003787,Cytb,0,0,6,0,0,0,0,2376,0,0,0,0,0,0,4,0,0,852,0,0,542,0,0,0,0,392
OGW04,20,0,20,Llyn_Ogwen,Lake,SL,,53.12594,-4.0033789,Cytb,0,0,0,0,0,0,0,268,0,0,0,0,0,0,0,2619,0,370,0,21,104,0,0,0,0,160
OGW05,20,0,20,Llyn_Ogwen,Lake,SL,,53.125512,-4.005287,Cytb,0,0,0,0,0,0,0,9830,0,0,0,0,0,0,0,0,0,601,0,0,175,0,0,0,0,2004
OGW06,20,0,20,Llyn_Ogwen,Lake,SL,,53.125143,-4.0069438,Cytb,0,0,4,0,0,0,0,4556,0,0,0,0,0,0,0,0,0,4303,0,0,2085,0,0,0,0,702
OGW07,20,0,20,Llyn_Ogwen,Lake,SL,,53.124506,-4.0089767,Cytb,0,0,0,0,0,0,0,9174,0,0,0,0,0,0,0,0,0,1951,0,0,990,0,0,0,0,1917
OGW08,20,0,20,Llyn_Ogwen,Lake,SL,,53.124382,-4.0115267,Cytb,0,5,0,0,0,0,0,5646,0,0,0,0,0,0,24,0,0,1041,0,0,436,0,0,0,0,2444
OGW09,20,0,20,Llyn_Ogwen,Lake,SL,,53.124391,-4.0141874,Cytb,0,0,4,0,0,0,0,3771,0,0,0,0,10,0,28,0,0,2057,0,0,642,0,0,0,0,1857
OGW10,20,0,20,Llyn_Ogwen,Lake,SL,,53.124241,-4.0177376,Cytb,0,0,0,0,0,0,0,4959,0,0,0,0,0,0,0,0,0,87,0,0,46,0,0,0,0,2821
OGW11,20,0,20,Llyn_Ogwen,Lake,SL,,53.12338,-4.0179116,Cytb,0,0,0,0,0,0,0,3910,0,0,0,0,0,0,0,0,0,777,0,0,349,0,0,0,0,1647
OGW12,20,0,20,Llyn_Ogwen,Lake,SL,,53.12318,-4.0142316,Cytb,289,0,0,0,0,0,0,1438,0,0,0,0,0,0,0,338,0,386,0,0,156,0,0,0,0,2850
OGW13,20,0,20,Llyn_Ogwen,Lake,SL,,53.122723,-4.0117532,Cytb,0,0,0,0,0,0,0,3885,0,0,0,0,0,0,0,0,0,2035,0,0,1421,0,0,0,0,4966
OGW14,20,0,20,Llyn_Ogwen,Lake,SL,,53.122356,-4.0082771,Cytb,1137,15,0,0,0,0,0,2654,0,0,0,0,0,0,0,98,0,2898,0,0,1469,0,0,0,0,4905
OGW15,20,0,20,Llyn_Ogwen,Lake,SL,,53.122311,-4.0056056,Cytb,0,0,0,0,0,0,0,5120,0,0,0,0,0,0,0,2420,0,1755,0,66,952,0,0,0,4,933
OGW16,20,0,20,Llyn_Ogwen,Lake,SL,,53.12282,-4.0031272,Cytb,0,0,0,0,0,0,0,6541,0,0,0,0,0,0,0,0,0,0,0,0,0,0,0,0,0,824
OGW17,20,0,20,Llyn_Ogwen,Lake,SL,,53.123032,-4.001357,Cytb,0,0,0,0,0,0,0,75,0,0,0,0,0,0,0,12488,0,11,0,11,3,0,0,0,0,9
OGW18,20,0,20,Llyn_Ogwen,Lake,SL,,53.123419,-3.9980686,Cytb,0,0,3,0,0,0,0,2064,0,0,0,0,5,0,11,0,0,3043,0,0,1094,0,0,0,0,1407
OGW19,20,0,20,Llyn_Ogwen,Lake,SL,,53.124371,-3.9966094,Cytb,0,0,0,0,0,0,0,2479,0,0,0,0,11,0,23,797,0,1596,0,15,471,0,0,0,8,2318
OGW20,20,0,20,Llyn_Ogwen,Lake,SL,,53.124925,-3.9955366,Cytb,0,0,0,0,0,0,0,2228,0,0,0,0,0,0,0,0,0,3088,0,0,933,0,0,0,0,2323
OGWB1,,,,Llyn_Ogwen,Lake,Control,Blank1,,,Cytb,0,0,0,0,0,0,0,0,0,0,0,0,0,0,0,0,0,0,0,0,0,0,0,0,0,29
OGWB2,,,,Llyn_Ogwen,Lake,Control,Blank2,,,Cytb,0,0,0,0,0,0,0,0,0,0,0,0,0,0,0,0,0,0,0,0,0,0,0,0,0,2723
OGWNEG,,,,Llyn_Ogwen,Lake,Control,Neg1,,,Cytb,0,0,0,0,0,0,0,0,0,0,0,0,4,0,0,0,0,0,0,0,0,0,0,0,0,205
OGWPOS,,,,Llyn_Ogwen,Lake,Control,POS1,,,Cytb,0,30353,0,0,0,0,0,0,0,0,0,0,0,0,0,0,0,0,0,0,0,0,0,0,0,162
PAD01,20,10,10,Llyn_Padarn,Lake,OSL,,53.138294,-4.1536428,Cytb,0,0,0,0,0,0,0,0,0,0,0,0,0,0,0,0,0,0,0,0,0,0,0,0,0,6
PAD02,20,10,10,Llyn_Padarn,Lake,OSL,,53.137325,-4.151546,Cytb,610,0,0,0,0,0,0,472,0,0,0,0,0,131,0,0,0,522,0,0,269,0,0,0,0,10378
PAD03,20,10,10,Llyn_Padarn,Lake,OSL,,53.1363,-4.1495662,Cytb,1364,0,0,0,0,0,0,574,0,0,0,0,0,13,0,0,150,408,108,0,169,79,0,0,0,18212
PAD04,20,10,10,Llyn_Padarn,Lake,OSL,,53.134751,-4.1477247,Cytb,2149,0,0,0,0,0,0,90,0,0,0,0,0,84,0,0,792,830,0,0,489,0,0,0,0,19522
PAD05,20,10,10,Llyn_Padarn,Lake,OSL,,53.134091,-4.1464061,Cytb,406,0,0,0,0,0,0,96,0,0,0,0,0,0,0,0,0,174,0,0,49,0,0,0,0,11116
PAD06,20,10,10,Llyn_Padarn,Lake,OSL,,53.13285,-4.1434441,Cytb,0,0,0,2425,0,0,0,39,0,0,0,0,0,38,0,0,0,387,0,0,138,0,0,0,0,8975
PAD07,20,10,10,Llyn_Padarn,Lake,OSL,,53.131681,-4.1409492,Cytb,1412,0,0,0,0,0,0,3,0,0,0,0,0,469,0,0,0,797,0,0,368,0,0,0,0,22644
PAD08,20,10,10,Llyn_Padarn,Lake,OSL,,53.129805,-4.1352952,Cytb,1117,9,0,0,0,0,0,37,0,0,0,0,0,41,0,0,414,380,51,0,211,3,0,0,0,19219
PAD09,20,10,10,Llyn_Padarn,Lake,OSL,,53.12569,-4.1261081,Cytb,0,0,0,0,0,0,0,676,0,0,0,0,0,0,4,0,0,1508,0,0,208,0,0,0,0,22752
PAD10,20,10,10,Llyn_Padarn,Lake,OSL,,53.123357,-4.1213,Cytb,398,0,0,0,0,0,0,191,0,0,0,0,0,57,0,0,0,106,0,0,22,0,0,0,0,19608
PAD11,20,10,10,Llyn_Padarn,Lake,SL,,53.136551,-4.1521561,Cytb,4838,0,0,0,0,0,0,676,0,0,0,0,0,0,0,0,444,1081,0,0,746,0,0,0,0,14814
PAD12,20,10,10,Llyn_Padarn,Lake,SL,,53.134491,-4.1503966,Cytb,9203,0,0,0,0,0,0,4,0,0,0,0,0,0,0,0,0,118,0,0,0,0,0,0,0,22670
PAD13,20,10,10,Llyn_Padarn,Lake,SL,,53.13247,-4.1473281,Cytb,29019,0,0,0,0,0,0,428,0,0,0,0,0,0,0,0,1231,2010,0,0,985,0,0,0,0,17382
PAD14,20,10,10,Llyn_Padarn,Lake,SL,,53.129946,-4.1421139,Cytb,801,0,0,0,0,0,0,257,0,0,0,0,0,59,0,0,0,517,0,0,171,0,0,0,0,10646
PAD15,20,10,10,Llyn_Padarn,Lake,SL,,53.129174,-4.1356337,Cytb,26280,23,0,0,0,0,0,8770,0,0,0,0,0,3,0,0,0,2112,0,0,694,0,0,0,0,22284
PAD16,20,10,10,Llyn_Padarn,Lake,SL,,53.12714,-4.1331875,Cytb,18026,10,0,0,0,0,0,3160,0,0,0,0,0,269,0,0,0,0,0,0,0,0,0,0,0,3681
PAD17,20,10,10,Llyn_Padarn,Lake,SL,,53.124758,-4.1293466,Cytb,7054,0,0,0,0,0,0,2764,0,0,0,0,0,16,0,0,0,970,0,0,175,0,0,0,0,7126
PAD18,20,10,10,Llyn_Padarn,Lake,SL,,53.122582,-4.1265571,Cytb,7610,0,0,0,0,0,0,6229,0,0,0,0,0,100,3,0,0,546,0,0,178,0,0,0,0,5557
PAD19,20,10,10,Llyn_Padarn,Lake,SL,,53.120882,-4.124347,Cytb,0,0,0,0,0,3,0,8557,0,0,0,0,0,70,0,0,0,97,0,0,70,0,0,0,0,8730
PAD20,20,10,10,Llyn_Padarn,Lake,SL,,53.120521,-4.1185963,Cytb,3903,0,0,0,0,0,0,22706,0,0,0,0,0,2484,1956,0,415,1285,129,0,1091,0,0,8,0,33987
PADB1,,,,Llyn_Padarn,Lake,Control,Blank1,,,Cytb,0,0,0,0,0,0,0,0,0,0,0,0,0,0,17,0,0,0,0,0,0,0,0,0,0,162
PADB2,,,,Llyn_Padarn,Lake,Control,Blank2,,,Cytb,0,0,0,0,0,0,0,0,0,0,0,0,0,0,0,0,0,0,0,0,0,0,0,0,0,67
PADNEG,,,,Llyn_Padarn,Lake,Control,Neg1,,,Cytb,0,0,0,0,0,0,0,0,0,0,0,0,0,0,7,0,0,0,0,0,0,0,0,0,0,155
PADPOS,,,,Llyn_Padarn,Lake,Control,POS1,,,Cytb,0,49956,0,0,0,0,0,0,0,0,0,0,0,0,0,0,0,0,0,0,0,0,0,0,0,213
PEN01,10,0,10,Llyn_Penrhyn,Lake,SL,,53.265315,-4.530815,Cytb,666,0,0,0,0,0,0,0,3425,0,0,0,0,125,11320,0,0,0,0,0,0,0,0,161,0,544
PEN02,10,0,10,Llyn_Penrhyn,Lake,SL,,53.264307,-4.532435,Cytb,9047,0,0,0,0,0,0,0,43,0,0,0,0,1430,3896,0,0,0,0,0,0,0,0,0,0,473
PEN03,10,0,10,Llyn_Penrhyn,Lake,SL,,53.263064,-4.533003,Cytb,333,0,0,0,0,0,0,0,437,31,0,0,0,415,13567,0,0,0,0,0,0,0,0,129,0,429
PEN04,10,0,10,Llyn_Penrhyn,Lake,SL,,53.262268,-4.534043,Cytb,8441,0,0,0,0,0,0,0,33,121,0,0,0,104,5874,0,0,0,0,0,0,0,0,61,0,425
PEN05,10,0,10,Llyn_Penrhyn,Lake,SL,,53.260458,-4.533755,Cytb,68,0,0,0,0,0,0,0,56,0,0,0,0,1019,4670,0,0,0,0,0,0,0,0,0,0,4088
PEN06,10,0,10,Llyn_Penrhyn,Lake,SL,,53.260137,-4.532736,Cytb,799,0,0,0,0,0,0,0,82,279,0,0,0,2185,7135,0,0,0,0,0,0,0,0,61,0,1067
PEN07,10,0,10,Llyn_Penrhyn,Lake,SL,,53.259765,-4.529871,Cytb,4260,0,0,0,0,0,0,0,867,35,0,0,0,1360,10775,0,0,0,0,0,0,0,0,262,0,1114
PEN08,10,0,10,Llyn_Penrhyn,Lake,SL,,53.260086,-4.527511,Cytb,4027,4,0,0,0,0,0,0,499,0,0,0,0,665,5787,0,0,0,0,0,0,0,0,0,0,1892
PEN09,10,0,10,Llyn_Penrhyn,Lake,SL,,53.26142,-4.52602,Cytb,0,0,0,0,0,0,0,0,4,0,0,0,0,745,9295,0,0,0,0,0,0,0,0,21,0,2601
PEN10,10,0,10,Llyn_Penrhyn,Lake,SL,,53.26305,-4.525537,Cytb,0,0,0,0,0,0,0,0,0,0,0,11,0,463,9201,0,0,0,0,0,0,0,0,3,0,835
PENB1,,,,Llyn_Penrhyn,Lake,Control,Blank1,,,Cytb,0,0,0,0,0,0,0,0,0,0,0,0,0,0,18,0,0,0,0,0,0,0,0,0,0,0
PENB2,,,,Llyn_Penrhyn,Lake,Control,Blank2,,,Cytb,0,0,0,0,0,0,0,0,0,0,0,0,0,0,3,0,0,0,0,0,0,0,0,0,0,26062
PENNEG,,,,Llyn_Penrhyn,Lake,Control,Neg1,,,Cytb,0,20,0,0,0,0,0,0,0,0,0,0,0,0,0,0,0,0,0,0,0,0,0,0,0,0
PENPOS,,,,Llyn_Penrhyn,Lake,Control,POS1,,,Cytb,0,16731,0,0,0,0,0,0,0,0,0,0,0,0,0,0,0,0,0,0,0,0,0,0,0,73
WLF01,20,10,10,Watch_Lane_Flash,Mere,OSL,,53.142007,-2.409329,Cytb,0,0,6948,0,0,0,0,0,0,0,0,0,0,0,641,0,0,0,0,0,0,0,12,0,0,3871
WLF02,20,10,10,Watch_Lane_Flash,Mere,OSL,,53.141653,-2.409082,Cytb,0,28,2666,0,0,357,0,0,80,0,0,151,0,0,451,0,0,0,0,0,0,0,68,0,0,2208
WLF03,20,10,10,Watch_Lane_Flash,Mere,OSL,,53.141074,-2.408706,Cytb,0,0,11746,0,0,0,0,0,69,0,0,0,0,0,5740,0,0,0,0,0,0,0,491,9,0,1387
WLF04,20,10,10,Watch_Lane_Flash,Mere,OSL,,53.140404,-2.408299,Cytb,0,0,2591,0,0,578,0,0,33,0,0,0,0,0,0,0,0,0,0,0,0,0,90,0,0,63
WLF05,20,10,10,Watch_Lane_Flash,Mere,OSL,,53.142225,-2.408406,Cytb,0,0,9832,0,0,287,0,0,0,0,0,0,0,0,0,0,0,0,0,0,0,0,18,0,0,1409
WLF06,20,10,10,Watch_Lane_Flash,Mere,OSL,,53.141781,-2.408143,Cytb,0,0,2410,0,0,0,0,0,779,0,0,0,0,0,0,0,0,0,0,0,0,0,8,0,0,147
WLF07,20,10,10,Watch_Lane_Flash,Mere,OSL,,53.141179,-2.407623,Cytb,0,0,10141,0,0,180,0,0,43,0,0,0,0,1607,0,0,0,0,0,0,0,0,20,0,0,1189
WLF08,20,10,10,Watch_Lane_Flash,Mere,OSL,,53.141617,-2.406805,Cytb,0,3,6253,0,0,227,64,0,12,0,0,0,0,11,206,0,0,0,0,0,0,0,4,6,0,2260
WLF09,20,10,10,Watch_Lane_Flash,Mere,OSL,,53.141826,-2.405617,Cytb,0,0,9867,0,0,708,89,0,9,0,0,145,0,0,200,0,0,0,0,0,0,0,104,0,0,1090
WLF10,20,10,10,Watch_Lane_Flash,Mere,OSL,,53.142289,-2.404989,Cytb,0,0,6464,0,0,1650,0,0,89,0,0,0,0,0,206,0,0,0,0,0,0,0,6,0,0,759
WLF11,20,10,10,Watch_Lane_Flash,Mere,SL,,53.142315,-2.410234,Cytb,0,0,0,0,0,0,0,0,0,0,0,0,0,0,0,0,0,0,0,0,0,0,0,0,0,0
WLF12,20,10,10,Watch_Lane_Flash,Mere,SL,,53.141456,-2.409824,Cytb,0,0,1075,0,0,126,0,0,10,0,0,0,0,0,93,0,0,0,0,0,0,0,0,0,0,71
WLF13,20,10,10,Watch_Lane_Flash,Mere,SL,,53.140736,-2.409484,Cytb,0,0,8221,0,0,0,0,0,324,0,0,0,0,0,685,0,0,0,0,0,0,0,28,11,0,892
WLF14,20,10,10,Watch_Lane_Flash,Mere,SL,,53.139676,-2.408403,Cytb,0,0,16702,0,0,1925,0,0,536,0,0,0,0,0,0,0,0,0,0,0,0,0,184,0,0,2756
WLF15,20,10,10,Watch_Lane_Flash,Mere,SL,,53.140521,-2.407263,Cytb,0,0,5611,0,0,1570,0,0,0,0,0,0,0,0,0,0,0,0,0,0,0,0,58,0,0,431
WLF16,20,10,10,Watch_Lane_Flash,Mere,SL,,53.141399,-2.406064,Cytb,0,4,6852,0,0,0,0,0,4,0,0,0,0,181,1873,0,0,0,0,0,0,0,9,28,0,1710
WLF17,20,10,10,Watch_Lane_Flash,Mere,SL,,53.141629,-2.404217,Cytb,0,41,3533,0,0,455,3121,0,66,0,119,0,0,0,3683,0,0,0,0,0,0,0,12,181,0,3828
WLF18,20,10,10,Watch_Lane_Flash,Mere,SL,,53.14286,-2.40477,Cytb,0,0,7287,0,0,0,0,0,0,0,0,0,0,919,0,0,0,0,0,0,0,0,521,0,0,1661
WLF19,20,10,10,Watch_Lane_Flash,Mere,SL,,53.142133,-2.406857,Cytb,175,0,3228,0,0,486,0,0,7,0,0,0,0,24,290,0,0,0,0,0,0,0,44,0,0,2265
WLF20,20,10,10,Watch_Lane_Flash,Mere,SL,,53.142659,-2.408304,Cytb,0,0,2674,0,0,319,0,0,148,0,0,195,0,0,1234,0,0,0,0,0,0,0,0,0,0,922
WLFB1,,,,Watch_Lane_Flash,Mere,Control,Blank1,,,Cytb,0,0,0,0,0,0,0,0,0,0,0,0,0,0,0,0,0,0,0,0,0,0,0,0,0,79
WLFB2,,,,Watch_Lane_Flash,Mere,Control,Blank2,,,Cytb,0,0,0,0,0,0,0,0,0,0,0,0,0,0,0,0,0,0,0,0,0,0,0,0,0,18
WLFNEG,,,,Watch_Lane_Flash,Mere,Control,Neg1,,,Cytb,0,0,0,0,0,0,0,0,0,0,0,0,0,0,0,0,0,0,0,0,0,0,0,0,0,4259
WLFPOS,,,,Watch_Lane_Flash,Mere,Control,POS1,,,Cytb,0,17359,0,0,0,0,0,0,0,0,0,0,0,0,0,0,0,0,0,0,0,0,0,0,0,91
TRA01,20,0,20,Llyn_Traffwll,Lake,SL,,53.264811,-4.518064,Cytb,0,0,0,0,0,7,0,0,0,0,0,3,0,118,7,0,0,0,0,0,0,0,0,0,0,10706
TRA02,20,0,20,Llyn_Traffwll,Lake,SL,,53.262942,-4.518063,Cytb,426,0,0,0,0,0,0,0,153,0,0,0,0,926,6,0,0,0,0,0,0,0,0,0,0,4812
TRA03,20,0,20,Llyn_Traffwll,Lake,SL,,53.262214,-4.517057,Cytb,938,0,0,0,0,0,0,0,69,493,0,0,0,1935,0,0,0,0,0,0,0,0,0,0,0,4919
TRA04,20,0,20,Llyn_Traffwll,Lake,SL,,53.262512,-4.515813,Cytb,0,0,0,0,0,0,0,0,124,0,0,0,0,0,0,0,0,0,0,0,0,0,0,0,0,6607
TRA05,20,0,20,Llyn_Traffwll,Lake,SL,,53.26179,-4.515936,Cytb,290,0,0,0,0,0,0,0,0,0,0,0,0,138,26,0,0,0,0,0,0,0,0,0,0,7169
TRA06,20,0,20,Llyn_Traffwll,Lake,SL,,53.260452,-4.514699,Cytb,0,0,0,0,0,0,0,0,0,0,0,0,0,10504,0,0,0,0,0,0,0,0,0,0,0,1137
TRA07,20,0,20,Llyn_Traffwll,Lake,SL,,53.260482,-4.514299,Cytb,0,0,0,0,0,0,0,0,0,0,0,0,0,1759,0,0,0,0,0,0,0,0,0,0,0,8298
TRA08,20,0,20,Llyn_Traffwll,Lake,SL,,53.26018,-4.513459,Cytb,1544,28,0,0,0,0,0,0,72,0,0,0,0,1657,0,0,0,0,0,0,0,0,0,0,0,6697
TRA09,20,0,20,Llyn_Traffwll,Lake,SL,,53.259747,-4.511469,Cytb,819,0,0,0,0,0,0,0,146,0,0,0,0,2774,0,0,0,0,0,0,0,0,0,0,0,5664
TRA10,20,0,20,Llyn_Traffwll,Lake,SL,,53.260149,-4.50926,Cytb,0,0,0,0,0,0,0,0,407,0,0,0,0,82,0,0,0,0,0,0,0,0,0,0,0,7169
TRA11,20,0,20,Llyn_Traffwll,Lake,SL,,53.262101,-4.509745,Cytb,605,0,0,0,0,0,0,0,0,0,0,0,0,15,0,0,0,0,0,0,0,0,0,0,0,5417
TRA12,20,0,20,Llyn_Traffwll,Lake,SL,,53.263121,-4.50813,Cytb,154,0,0,0,0,0,0,0,0,0,0,0,0,28,285,0,0,0,0,0,0,0,0,0,0,2330
TRA13,20,0,20,Llyn_Traffwll,Lake,SL,,53.262638,-4.505954,Cytb,1041,0,0,0,0,0,0,0,0,0,0,3,0,161,0,0,0,0,0,0,0,0,0,0,0,16275
TRA14,20,0,20,Llyn_Traffwll,Lake,SL,,53.263998,-4.505627,Cytb,590,0,0,0,0,0,0,0,0,0,0,6,0,63,0,0,0,6,0,0,0,0,0,0,0,31994
TRA15,20,0,20,Llyn_Traffwll,Lake,SL,,53.265439,-4.50546,Cytb,861,0,0,0,0,7,0,0,0,0,0,0,0,15,97,0,0,85,0,0,68,0,0,7,0,12403
TRA16,20,0,20,Llyn_Traffwll,Lake,SL,,53.267021,-4.506292,Cytb,0,4,0,0,0,0,0,0,0,0,0,0,0,20,131,0,0,0,0,0,0,0,0,0,0,45187
TRA17,20,0,20,Llyn_Traffwll,Lake,SL,,53.266537,-4.508344,Cytb,0,0,3,0,0,0,0,0,0,0,0,7,34,6,4,0,0,734,0,0,317,0,0,0,0,10322
TRA18,20,0,20,Llyn_Traffwll,Lake,SL,,53.265329,-4.510557,Cytb,0,0,0,0,0,4,0,0,0,0,0,0,0,3,249,0,0,0,0,0,0,0,0,0,0,10793
TRA19,20,0,20,Llyn_Traffwll,Lake,SL,,53.264968,-4.513308,Cytb,182,0,0,0,0,0,0,0,0,0,0,0,0,10,0,0,0,0,0,0,0,0,0,0,0,8437
TRA20,20,0,20,Llyn_Traffwll,Lake,SL,,53.265029,-4.515169,Cytb,0,0,0,0,0,0,0,0,7,0,0,0,0,78,386,0,0,0,0,0,0,0,0,0,0,7467
TRAB1,,,,Llyn_Traffwll,Lake,Control,Blank1,,,Cytb,0,0,3,0,0,0,0,0,0,0,0,0,0,0,0,0,0,0,0,0,0,0,0,0,0,5002
TRAB2,,,,Llyn_Traffwll,Lake,Control,Blank2,,,Cytb,0,0,0,0,0,0,0,0,0,0,0,0,0,0,0,0,0,0,0,0,0,0,0,0,0,0
TRANEG,,,,Llyn_Traffwll,Lake,Control,Neg1,,,Cytb,0,27,0,0,0,0,0,0,0,0,0,0,0,0,0,0,0,0,0,0,0,0,0,0,0,337
TRAPOS,,,,Llyn_Traffwll,Lake,Control,POS1,,,Cytb,0,34463,0,0,0,0,0,0,0,0,0,0,0,0,0,0,0,0,0,0,0,0,0,0,0,155
